-- ============================================
-- sample_data.sql : Realistic bulk data
-- Run this AFTER schema.sql
-- ============================================

USE store_db;

-- ---------- Employees ----------
INSERT INTO employees(name, designation, phone) VALUES
('Balram','Lineman','9810236543'),
('Ravi','Lineman','9876543210'),
('Amit','Lineman','9123456780'),
('Suresh','Helper','9012345678'),
('Deepak','Helper','9988776655');

-- ---------- Materials ----------
INSERT INTO materials(name, unit, minimum_stock) VALUES
('LT Cable 4C 300mm2','meter',500),
('LT Cable 3.5C 185mm2','meter',400),
('HT Cable 3C 300mm2','meter',200),
('Service Cable (AB Cable)','meter',300),
('HRC Fuse','Nos',50),
('Fuse Wire','meter',100),
('Insulator','Nos',40),
('Pole (PSC 8m)','Nos',15),
('PVC Tape','Roll',60),
('HT Tape (Rubber)','Roll',40),
('Joint Kit - HT','Set',20),
('Joint Kit - LT','Set',25),
('Danger Board','Nos',10),
('GI Wire','kg',50),
('Earthing Strip','meter',80);

-- ---------- Areas ----------
INSERT INTO areas(fl_id, area_name) VALUES
('JCD055','Brahmapuri'),
('JCD056','Mohan Nagar'),
('JCD057','Prem Nagar'),
('JCD058','D1B Janakpuri');

-- ---------- Stock Inward (48 records) ----------
INSERT INTO stock_in(material_id, quantity, supplier_name, date_in) VALUES
(1, 543, 'KEI Industries', '2026-04-02'),
(9, 169, 'Bajaj Electricals', '2026-04-02'),
(13, 3, 'Modern Insulators Ltd', '2026-04-03'),
(14, 24, 'Bajaj Electricals', '2026-04-05'),
(14, 50, 'KEI Industries', '2026-04-12'),
(11, 111, 'Polycab Wires Ltd', '2026-04-17'),
(12, 3, 'Finolex Cables', '2026-04-17'),
(12, 137, 'Havells Cables Pvt Ltd', '2026-04-20'),
(10, 14, 'Polycab Wires Ltd', '2026-04-21'),
(10, 12, 'UP Pole Industries', '2026-04-21'),
(4, 80, 'Finolex Cables', '2026-04-23'),
(6, 15, 'UP Pole Industries', '2026-04-24'),
(5, 161, 'Havells Cables Pvt Ltd', '2026-04-26'),
(12, 6, 'Havells Cables Pvt Ltd', '2026-04-27'),
(8, 26, 'Havells Cables Pvt Ltd', '2026-04-28'),
(8, 12, 'UP Pole Industries', '2026-04-29'),
(2, 431, 'Bajaj Electricals', '2026-05-02'),
(7, 9, 'UP Pole Industries', '2026-05-04'),
(3, 271, 'Modern Insulators Ltd', '2026-05-06'),
(15, 80, 'Modern Insulators Ltd', '2026-05-10'),
(5, 105, 'Bajaj Electricals', '2026-05-16'),
(12, 9, 'Havells Cables Pvt Ltd', '2026-05-16'),
(1, 25, 'Polycab Wires Ltd', '2026-05-17'),
(6, 19, 'Modern Insulators Ltd', '2026-05-22'),
(7, 1, 'UP Pole Industries', '2026-05-22'),
(3, 105, 'UP Pole Industries', '2026-05-25'),
(14, 101, 'Finolex Cables', '2026-05-27'),
(4, 32, 'Finolex Cables', '2026-05-29'),
(15, 56, 'Modern Insulators Ltd', '2026-05-30'),
(3, 104, 'Havells Cables Pvt Ltd', '2026-05-31'),
(9, 21, 'Finolex Cables', '2026-05-31'),
(13, 68, 'Havells Cables Pvt Ltd', '2026-06-01'),
(13, 5, 'Polycab Wires Ltd', '2026-06-04'),
(6, 121, 'Polycab Wires Ltd', '2026-06-05'),
(8, 24, 'UP Pole Industries', '2026-06-07'),
(1, 92, 'UP Pole Industries', '2026-06-09'),
(15, 52, 'Havells Cables Pvt Ltd', '2026-06-11'),
(4, 306, 'Havells Cables Pvt Ltd', '2026-06-14'),
(2, 190, 'Bajaj Electricals', '2026-06-21'),
(4, 59, 'Modern Insulators Ltd', '2026-06-22'),
(2, 64, 'UP Pole Industries', '2026-06-27'),
(6, 61, 'Polycab Wires Ltd', '2026-07-01'),
(10, 204, 'Bajaj Electricals', '2026-07-01'),
(13, 15, 'Havells Cables Pvt Ltd', '2026-07-05'),
(8, 5, 'Finolex Cables', '2026-07-12'),
(11, 67, 'Finolex Cables', '2026-07-13'),
(7, 81, 'Polycab Wires Ltd', '2026-07-14'),
(15, 254, 'Bajaj Electricals', '2026-07-16');

-- ---------- Material Usage (160 records) ----------
INSERT INTO material_usage(employee_id, material_id, fl_id, quantity_used, usage_date, work_type) VALUES
(1, 7, 'JCD058', 4, '2026-04-01', 'Insulator Repair'),
(3, 2, 'JCD057', 15, '2026-04-02', 'Joint Repair'),
(1, 3, 'JCD056', 3, '2026-04-02', 'New Connection'),
(1, 8, 'JCD058', 5, '2026-04-02', 'Cable Fault Repair'),
(1, 4, 'JCD056', 8, '2026-04-02', 'Insulator Repair'),
(5, 10, 'JCD056', 1, '2026-04-03', 'Meter Installation'),
(3, 12, 'JCD057', 1, '2026-04-03', 'Maintenance Round'),
(1, 5, 'JCD055', 8, '2026-04-03', 'Pole Installation'),
(2, 15, 'JCD056', 40, '2026-04-04', 'Meter Installation'),
(5, 7, 'JCD057', 8, '2026-04-04', 'Pole Installation'),
(1, 5, 'JCD057', 7, '2026-04-04', 'Maintenance Round'),
(2, 2, 'JCD057', 15, '2026-04-04', 'Cable Fault Repair'),
(1, 1, 'JCD056', 40, '2026-04-06', 'Line Extension'),
(1, 15, 'JCD057', 40, '2026-04-07', 'Pole Installation'),
(2, 10, 'JCD055', 2, '2026-04-08', 'New Connection'),
(4, 2, 'JCD057', 20, '2026-04-09', 'New Connection'),
(1, 8, 'JCD055', 3, '2026-04-09', 'Earthing Work'),
(5, 1, 'JCD056', 25, '2026-04-10', 'Fuse Replacement'),
(2, 13, 'JCD057', 6, '2026-04-11', 'Meter Installation'),
(5, 13, 'JCD055', 6, '2026-04-11', 'Joint Repair'),
(5, 2, 'JCD058', 15, '2026-04-11', 'Earthing Work'),
(3, 12, 'JCD055', 6, '2026-04-11', 'New Connection'),
(1, 8, 'JCD057', 3, '2026-04-12', 'Earthing Work'),
(1, 7, 'JCD055', 2, '2026-04-14', 'New Connection'),
(1, 11, 'JCD055', 8, '2026-04-14', 'Earthing Work'),
(1, 4, 'JCD057', 15, '2026-04-15', 'Earthing Work'),
(3, 11, 'JCD057', 6, '2026-04-16', 'Cable Fault Repair'),
(2, 10, 'JCD057', 4, '2026-04-18', 'Line Extension'),
(2, 2, 'JCD057', 25, '2026-04-18', 'Joint Repair'),
(5, 11, 'JCD055', 1, '2026-04-19', 'Pole Installation'),
(1, 9, 'JCD055', 8, '2026-04-19', 'Pole Installation'),
(4, 12, 'JCD057', 5, '2026-04-19', 'Pole Installation'),
(4, 13, 'JCD056', 6, '2026-04-20', 'Maintenance Round'),
(1, 9, 'JCD055', 7, '2026-04-21', 'Joint Repair'),
(3, 3, 'JCD056', 30, '2026-04-22', 'Cable Fault Repair'),
(4, 15, 'JCD056', 40, '2026-04-22', 'Fuse Replacement'),
(5, 5, 'JCD055', 4, '2026-04-24', 'Joint Repair'),
(1, 1, 'JCD058', 5, '2026-04-25', 'Line Extension'),
(5, 9, 'JCD057', 8, '2026-04-26', 'Joint Repair'),
(4, 2, 'JCD055', 3, '2026-04-27', 'Maintenance Round'),
(5, 2, 'JCD057', 8, '2026-04-27', 'New Connection'),
(4, 13, 'JCD056', 7, '2026-04-27', 'Line Extension'),
(2, 11, 'JCD058', 4, '2026-04-28', 'Joint Repair'),
(1, 8, 'JCD058', 5, '2026-04-28', 'Joint Repair'),
(2, 6, 'JCD057', 8, '2026-04-28', 'Pole Installation'),
(3, 11, 'JCD057', 6, '2026-04-28', 'Joint Repair'),
(2, 9, 'JCD056', 3, '2026-04-30', 'Cable Fault Repair'),
(1, 15, 'JCD056', 30, '2026-05-01', 'Cable Fault Repair'),
(1, 5, 'JCD058', 8, '2026-05-02', 'New Connection'),
(1, 12, 'JCD055', 4, '2026-05-02', 'Joint Repair'),
(4, 7, 'JCD058', 5, '2026-05-02', 'Meter Installation'),
(5, 5, 'JCD056', 7, '2026-05-03', 'Joint Repair'),
(1, 10, 'JCD055', 4, '2026-05-03', 'Meter Installation'),
(4, 6, 'JCD055', 3, '2026-05-06', 'Line Extension'),
(4, 6, 'JCD055', 2, '2026-05-06', 'Maintenance Round'),
(1, 2, 'JCD057', 10, '2026-05-06', 'Cable Fault Repair'),
(1, 2, 'JCD056', 30, '2026-05-06', 'Fuse Replacement'),
(1, 4, 'JCD056', 5, '2026-05-07', 'Fuse Replacement'),
(1, 7, 'JCD058', 7, '2026-05-07', 'Earthing Work'),
(3, 5, 'JCD058', 4, '2026-05-09', 'Line Extension'),
(1, 7, 'JCD058', 8, '2026-05-09', 'New Connection'),
(1, 11, 'JCD057', 6, '2026-05-10', 'Maintenance Round'),
(4, 9, 'JCD055', 5, '2026-05-11', 'Pole Installation'),
(1, 8, 'JCD055', 5, '2026-05-11', 'Line Extension'),
(4, 13, 'JCD058', 1, '2026-05-11', 'Joint Repair'),
(5, 13, 'JCD057', 8, '2026-05-12', 'Pole Installation'),
(1, 10, 'JCD057', 2, '2026-05-13', 'Fuse Replacement'),
(4, 8, 'JCD057', 4, '2026-05-14', 'Cable Fault Repair'),
(4, 2, 'JCD056', 2, '2026-05-16', 'Earthing Work'),
(2, 3, 'JCD058', 25, '2026-05-17', 'Cable Fault Repair'),
(4, 10, 'JCD057', 7, '2026-05-17', 'Earthing Work'),
(1, 2, 'JCD058', 30, '2026-05-18', 'New Connection'),
(5, 2, 'JCD055', 40, '2026-05-19', 'New Connection'),
(5, 15, 'JCD058', 2, '2026-05-19', 'Joint Repair'),
(2, 10, 'JCD058', 3, '2026-05-20', 'Line Extension'),
(3, 15, 'JCD058', 15, '2026-05-20', 'Maintenance Round'),
(4, 13, 'JCD057', 8, '2026-05-21', 'Cable Fault Repair'),
(4, 8, 'JCD056', 6, '2026-05-22', 'Insulator Repair'),
(5, 13, 'JCD056', 4, '2026-05-22', 'New Connection'),
(5, 13, 'JCD055', 1, '2026-05-23', 'Cable Fault Repair'),
(2, 8, 'JCD056', 3, '2026-05-24', 'Joint Repair'),
(5, 6, 'JCD055', 8, '2026-05-24', 'Maintenance Round'),
(4, 13, 'JCD056', 8, '2026-05-25', 'Insulator Repair'),
(3, 9, 'JCD055', 1, '2026-05-27', 'Cable Fault Repair'),
(2, 2, 'JCD057', 5, '2026-05-28', 'Cable Fault Repair'),
(1, 7, 'JCD058', 3, '2026-05-28', 'Meter Installation'),
(1, 11, 'JCD056', 7, '2026-05-29', 'Pole Installation'),
(1, 4, 'JCD056', 2, '2026-05-31', 'Joint Repair'),
(1, 13, 'JCD057', 5, '2026-05-31', 'Fuse Replacement'),
(2, 12, 'JCD056', 7, '2026-06-01', 'Maintenance Round'),
(3, 9, 'JCD056', 2, '2026-06-01', 'Fuse Replacement'),
(2, 5, 'JCD056', 4, '2026-06-01', 'Fuse Replacement'),
(1, 14, 'JCD058', 2, '2026-06-03', 'Maintenance Round'),
(2, 8, 'JCD056', 8, '2026-06-03', 'Maintenance Round'),
(3, 13, 'JCD057', 3, '2026-06-03', 'Meter Installation'),
(4, 14, 'JCD058', 25, '2026-06-05', 'Maintenance Round'),
(3, 14, 'JCD056', 30, '2026-06-05', 'Earthing Work'),
(3, 7, 'JCD058', 7, '2026-06-05', 'Cable Fault Repair'),
(5, 3, 'JCD055', 20, '2026-06-05', 'Meter Installation'),
(4, 8, 'JCD058', 2, '2026-06-06', 'Earthing Work'),
(3, 13, 'JCD055', 4, '2026-06-06', 'New Connection'),
(1, 3, 'JCD057', 15, '2026-06-07', 'Maintenance Round'),
(1, 13, 'JCD056', 8, '2026-06-07', 'Earthing Work'),
(4, 10, 'JCD057', 6, '2026-06-07', 'Insulator Repair'),
(4, 10, 'JCD057', 8, '2026-06-07', 'Insulator Repair'),
(3, 3, 'JCD055', 25, '2026-06-08', 'New Connection'),
(1, 7, 'JCD055', 3, '2026-06-08', 'Cable Fault Repair'),
(2, 4, 'JCD057', 15, '2026-06-09', 'Earthing Work'),
(2, 11, 'JCD055', 7, '2026-06-10', 'Maintenance Round'),
(5, 5, 'JCD055', 2, '2026-06-12', 'Fuse Replacement'),
(2, 12, 'JCD055', 7, '2026-06-13', 'New Connection'),
(1, 10, 'JCD058', 7, '2026-06-14', 'New Connection'),
(4, 3, 'JCD058', 30, '2026-06-18', 'Maintenance Round'),
(2, 1, 'JCD057', 15, '2026-06-19', 'Meter Installation'),
(3, 12, 'JCD057', 4, '2026-06-19', 'Meter Installation'),
(5, 12, 'JCD055', 1, '2026-06-19', 'Joint Repair'),
(5, 15, 'JCD057', 30, '2026-06-19', 'Cable Fault Repair'),
(5, 10, 'JCD056', 4, '2026-06-20', 'Earthing Work'),
(2, 4, 'JCD056', 2, '2026-06-20', 'New Connection'),
(3, 8, 'JCD056', 4, '2026-06-21', 'Insulator Repair'),
(5, 2, 'JCD055', 3, '2026-06-21', 'Fuse Replacement'),
(4, 4, 'JCD057', 2, '2026-06-21', 'New Connection'),
(5, 9, 'JCD058', 2, '2026-06-21', 'Meter Installation'),
(4, 9, 'JCD055', 4, '2026-06-22', 'Joint Repair'),
(1, 10, 'JCD058', 8, '2026-06-23', 'Maintenance Round'),
(4, 1, 'JCD055', 25, '2026-06-23', 'Insulator Repair'),
(2, 4, 'JCD058', 30, '2026-06-23', 'Maintenance Round'),
(3, 5, 'JCD056', 7, '2026-06-23', 'Cable Fault Repair'),
(5, 3, 'JCD057', 2, '2026-06-23', 'Joint Repair'),
(4, 11, 'JCD057', 5, '2026-06-24', 'Insulator Repair'),
(4, 13, 'JCD058', 3, '2026-06-27', 'Earthing Work'),
(2, 15, 'JCD057', 30, '2026-06-28', 'Cable Fault Repair'),
(1, 5, 'JCD056', 2, '2026-06-28', 'Insulator Repair'),
(1, 15, 'JCD057', 5, '2026-06-29', 'New Connection'),
(4, 11, 'JCD058', 6, '2026-07-01', 'Maintenance Round'),
(1, 5, 'JCD057', 5, '2026-07-01', 'New Connection'),
(1, 8, 'JCD055', 5, '2026-07-01', 'Pole Installation'),
(2, 2, 'JCD058', 8, '2026-07-01', 'Pole Installation'),
(2, 5, 'JCD056', 4, '2026-07-02', 'Pole Installation'),
(5, 8, 'JCD057', 3, '2026-07-02', 'Fuse Replacement'),
(1, 3, 'JCD056', 5, '2026-07-03', 'Fuse Replacement'),
(4, 6, 'JCD056', 20, '2026-07-03', 'Earthing Work'),
(4, 10, 'JCD058', 4, '2026-07-04', 'Maintenance Round'),
(4, 12, 'JCD058', 5, '2026-07-06', 'Pole Installation'),
(3, 5, 'JCD056', 5, '2026-07-06', 'Pole Installation'),
(5, 3, 'JCD056', 3, '2026-07-07', 'Meter Installation'),
(4, 7, 'JCD055', 4, '2026-07-09', 'Insulator Repair'),
(1, 13, 'JCD057', 4, '2026-07-09', 'Line Extension'),
(2, 3, 'JCD058', 40, '2026-07-11', 'Line Extension'),
(5, 1, 'JCD058', 30, '2026-07-12', 'Maintenance Round'),
(1, 10, 'JCD057', 2, '2026-07-12', 'Pole Installation'),
(4, 12, 'JCD056', 2, '2026-07-12', 'Fuse Replacement'),
(5, 10, 'JCD056', 6, '2026-07-13', 'Insulator Repair'),
(4, 3, 'JCD057', 20, '2026-07-14', 'Meter Installation'),
(3, 15, 'JCD055', 5, '2026-07-14', 'Joint Repair'),
(3, 2, 'JCD056', 8, '2026-07-15', 'Meter Installation'),
(4, 5, 'JCD055', 6, '2026-07-16', 'Insulator Repair'),
(3, 7, 'JCD055', 7, '2026-07-16', 'Joint Repair'),
(3, 13, 'JCD058', 3, '2026-07-17', 'Maintenance Round'),
(5, 10, 'JCD056', 7, '2026-07-18', 'Pole Installation');